Feature,Coefficient
Age,0.026082721105809507
Sex,1.4166947574813327
Chest pain type,0.9149979450593342
Cholesterol,0.005281665818222128
Max HR,-0.018485776286913967
ST depression,0.8584008370187395
